N,pH,EC,Zn,Fe,Output
138,7.46,0.62,0.24,0.31,0
213,7.62,0.75,0.3,0.86,0
163,7.59,0.51,0.3,0.86,0
157,7.64,0.58,0.34,0.54,0
270,7.63,0.4,0.25,0.76,1
220,7.43,0.65,0.37,0.66,0
220,7.62,0.43,0.34,0.69,0
207,7.63,0.59,0.32,0.68,0
289,7.58,0.44,0.63,0.66,1
138,7.55,0.33,0.69,0.41,0
151,7.59,0.45,0.71,0.38,1
144,7.53,0.73,0.63,0.47,0
138,7.68,0.6,0.73,0.36,2
144,7.45,0.53,0.51,0.56,0
201,7.39,0.77,0.58,0.47,1
182,7.47,0.34,0.77,0.41,0
238,7.38,0.88,0.46,0.38,0
270,7.45,0.55,0.28,0.44,1
213,7.38,0.78,0.3,0.49,0
245,7.31,0.63,0.29,0.43,0
282,7.43,0.62,0.32,0.5,1
213,7.36,0.51,0.28,0.93,0
207,7.62,0.68,0.28,0.72,0
307,7.49,0.84,0.26,0.57,1
207,7.55,0.61,0.24,0.47,0
201,7.44,0.76,0.18,0.83,0
364,7.63,0.52,0.23,1.19,1
220,7.42,0.63,0.19,1.08,0
245,7.58,0.74,0.32,0.96,0
207,7.41,0.42,0.27,0.92,0
276,7.34,0.53,0.28,0.57,1
207,7.4,0.84,0.27,0.46,0
245,7.29,0.63,0.25,0.44,0
169,8.23,0.58,0.2,0.38,1
182,7.62,0.52,0.73,0.46,0
220,7.48,0.59,0.83,0.37,0
138,7.42,0.72,0.37,0.32,1
238,7.59,0.43,0.45,0.43,0
151,7.46,0.43,0.36,0.38,0
207,7.44,0.55,0.45,0.47,0
138,7.63,0.86,0.76,0.35,0
182,7.48,0.57,0.59,0.92,0
138,7.54,0.72,0.29,0.95,0
207,7.52,0.44,0.31,0.81,0
295,7.41,0.48,0.38,0.71,1
289,7.64,0.57,0.18,1.06,1
207,7.55,0.57,0.18,0.96,0
138,7.48,0.63,0.19,1.02,0
138,7.65,0.58,0.25,1.05,0
82,7.37,0.51,0.2,1.03,1
107,7.43,0.43,0.18,0.95,0
38,7.57,0.42,0.18,0.86,1
88,7.46,0.44,0.18,0.78,2
19,7.38,0.29,0.17,0.76,0
56,7.32,0.67,0.23,0.95,0
50,7.36,0.34,0.43,0.59,1
38,7.4,0.48,0.3,1.29,0
25,7.33,0.43,0.46,0.35,0
82,7.63,0.44,0.56,0.35,1
88,7.52,0.37,0.19,0.74,0
144,7.57,0.54,0.37,0.51,0
213,7.59,0.68,0.3,0.46,1
282,7.48,0.46,0.32,0.5,1
264,7.52,0.43,0.27,0.61,1
301,7.46,0.42,0.23,0.46,1
226,7.62,0.31,0.78,0.4,0
307,7.58,0.56,0.46,0.68,1
326,7.41,0.32,0.5,0.65,1
251,7.59,0.62,0.56,0.64,1
213,7.55,0.47,0.63,0.5,0
195,7.57,0.37,0.28,0.48,0
31,7.33,0.71,0.37,0.54,0
69,7.51,0.46,0.32,0.49,0
182,7.57,0.53,0.37,0.53,0
19,7.49,0.6,0.48,0.63,0
132,7.31,0.71,0.38,1.07,0
163,7.32,0.49,0.35,3.42,0
182,7.23,0.73,0.37,2.19,0
295,7.34,0.46,0.42,0.6,1
201,7.51,0.63,0.44,0.77,0
6,7.47,0.42,0.48,0.5,0
56,7.46,0.57,0.47,0.64,0
132,7.62,0.43,0.45,1.2,0
69,7.5,0.63,0.37,2.12,0
270,7.4,0.61,0.42,1.18,1
326,7.3,0.23,0.52,2.08,1
351,7.5,0.38,0.48,2.06,1
13,7.5,0.71,0.45,1.06,0
314,7.4,0.59,0.36,0.59,1
282,7.4,0.76,0.38,0.74,1
6,7.4,0.41,0.46,0.5,0
270,7.4,0.67,0.71,0.59,1
220,7.6,0.42,0.39,0.52,0
151,7.3,0.77,0.36,0.67,0
201,7.6,0.53,0.32,9.32,0
151,7.6,0.48,0.42,4.05,0
75,7.8,0.66,0.5,7.32,0
232,7.7,0.43,0.47,6.52,0
207,7.7,0.72,0.36,4.56,0
264,7.9,0.38,0.52,8.06,1
188,7.6,0.74,0.34,3.59,0
326,7.8,0.82,0.58,4.58,1
295,7.6,0.43,0.42,7.63,1
126,7.7,0.62,0.32,9.32,0
207,7.6,0.71,0.57,4.02,0
213,7.7,0.43,0.58,9.63,0
69,7.7,0.53,0.39,4.02,0
220,7.5,0.42,0.33,8.32,0
163,7.5,0.77,0.51,6.03,0
138,7.4,0.41,0.28,4.85,0
88,7.5,0.76,0.52,4.05,0
195,7.4,0.52,0.33,8.32,0
251,7.6,0.36,0.48,5.02,0
207,7.4,0.61,0.52,9.32,0
195,7.5,0.6,0.39,7.15,0
220,7.7,0.52,0.24,4.02,0
251,7.6,0.76,0.28,5.21,0
238,7.7,0.53,0.63,3.26,0
119,7.6,0.76,0.41,4.05,0
163,7.5,0.53,0.52,2.89,0
207,7.5,0.46,0.35,6.32,0
138,7.5,0.42,0.6,7.51,0
126,7.5,0.65,0.52,3.15,0
157,7.4,0.45,0.48,4.32,0
201,7.6,0.64,0.41,1.69,0
257,7.4,0.44,0.36,6.23,0
201,7.5,0.6,0.25,4.05,0
257,7.5,0.59,0.28,2.68,0
251,7.6,0.72,0.37,3.51,0
201,7.5,0.53,0.25,5.69,0
333,7.5,0.48,0.39,3.9,1
320,7.4,0.53,0.52,4.12,1
232,7.4,0.76,0.42,2.05,0
326,7.6,0.82,0.57,1.98,1
195,7.4,0.61,0.35,3.25,0
345,7.7,0.57,0.29,6.3,1
257,7.6,0.81,0.57,7.21,1
251,7.4,0.54,0.48,4.15,0
226,7.4,0.56,0.29,3.26,0
264,7.6,0.62,0.34,6.53,1
213,7.7,0.6,0.51,1.87,0
132,7.5,0.61,0.46,5.02,0
195,7.5,0.53,0.28,6.33,0
50,7.6,0.74,0.33,4.51,0
201,7.5,0.68,0.51,6.23,0
100,7.6,0.59,0.27,4.05,0
232,7.6,0.62,0.39,7.35,0
69,7.6,0.52,0.51,6.49,0
31,7.5,0.63,0.6,4.05,0
63,7.4,0.62,0.57,6.32,0
132,7.5,0.51,0.33,5.21,0
201,7.7,0.72,0.49,8.51,0
358,7.4,0.64,0.35,2.48,1
63,7.6,0.57,0.26,3.15,0
195,7.5,0.64,0.34,3.77,0
207,7.5,0.55,0.35,3.24,0
126,7.6,0.61,0.4,3.56,0
88,7.6,0.63,0.26,3.66,0
163,7.5,0.47,0.26,3.84,0
138,7.6,0.58,0.33,3.94,0
188,7.7,0.53,0.34,3.49,0
195,7.6,0.42,0.29,3.56,0
195,7.61,0.67,0.23,3.43,0
264,7.47,0.45,0.15,3.95,1
182,7.46,0.53,0.25,2.35,0
188,7.52,0.44,0.36,3.19,0
132,7.43,0.52,0.36,2.96,0
213,7.48,0.77,0.37,2.77,0
144,7.46,0.68,0.25,2.55,0
182,7.57,0.78,0.29,2.96,0
182,7.62,0.44,0.37,3.16,0
132,7.54,0.81,0.39,3.53,0
138,7.73,0.66,0.37,2.95,0
207,7.58,0.78,0.29,2.54,0
113,7.6,0.82,0.19,2.75,0
220,7.67,0.78,0.29,2.6,0
126,7.4,0.67,0.34,2.66,0
163,7.37,0.51,0.35,2.93,0
201,7.31,0.44,0.26,3.24,0
100,7.44,0.41,0.34,3.09,0
69,7.36,0.47,0.29,3.06,0
289,7.42,0.43,0.36,3.24,1
333,7.53,0.54,0.23,2.75,0
314,7.61,0.52,0.34,2.83,1
301,7.57,0.68,0.25,2.65,1
289,7.45,0.49,0.4,2.96,1
220,7.43,0.67,0.33,3.14,0
232,7.38,0.43,0.34,3.25,0
176,7.54,0.65,0.35,3.54,0
188,7.59,0.48,0.34,2.76,0
88,7.43,0.52,0.25,2.84,0
82,7.61,0.47,0.37,2.96,0
169,7.57,0.41,0.27,3.15,0
245,7.42,0.58,0.24,2.84,0
270,7.48,0.57,0.24,2.49,1
345,7.31,0.41,0.34,2.42,1
333,7.54,0.55,0.36,2.53,1
282,7.29,0.62,0.27,2.65,1
282,7.47,0.51,0.26,2.66,1
270,7.41,0.63,0.34,2.48,1
289,7.39,0.58,0.33,2.36,1
201,7.41,0.54,0.23,2.38,0
213,7.35,0.67,0.26,2.28,0
270,7.57,0.61,0.27,2.47,1
207,7.54,0.59,0.37,3.44,0
295,7.68,0.51,0.34,2.54,1
251,7.73,0.57,0.23,2.68,0
276,7.51,0.41,0.24,2.67,1
163,7.62,0.67,0.24,2.75,0
213,7.71,0.67,0.25,3.46,0
207,7.4,0.43,0.35,3.93,0
200,7.67,0.72,0.37,2.93,0
301,7.71,0.64,0.29,2.63,1
188,7.78,0.56,0.23,2.72,0
201,7.71,0.48,0.22,2.87,0
207,7.62,0.45,0.24,2.47,0
307,7.53,0.71,0.34,2.93,1
207,7.64,0.67,0.26,3.93,0
326,7.38,0.82,0.27,3.63,1
270,7.59,0.33,0.26,3.74,1
195,7.43,0.67,0.27,2.45,0
182,7.61,0.58,0.26,2.56,0
295,7.77,0.61,0.25,2.84,1
151,7.63,0.73,0.33,2.49,0
333,7.44,0.66,0.26,3.51,1
157,7.45,0.34,0.35,2.56,0
370,7.62,0.41,0.34,2.44,1
163,7.43,0.38,0.34,3.43,0
377,7.51,0.85,0.25,3.63,1
264,7.34,0.61,0.25,2.44,1
358,7.49,0.67,0.26,2.64,1
320,7.38,0.53,0.24,2.74,1
126,7.67,0.7,0.35,2.43,0
333,7.53,0.62,0.26,3.44,1
213,7.62,0.64,0.27,3.45,0
245,7.61,0.71,0.34,2.56,0
157,7.58,0.45,0.32,2.67,0
213,7.66,0.63,0.33,2.74,0
82,7.65,0.78,0.27,4.44,0
195,7.66,0.53,0.27,3.44,0
100,7.71,0.67,0.38,2.45,0
238,7.61,0.62,0.34,2.56,0
213,7.54,0.44,0.33,2.67,0
6,7.42,0.53,0.34,2.68,0
257,7.43,0.58,0.34,3.74,0
188,7.52,0.62,0.25,3.43,0
144,7.47,0.58,0.24,3.43,0
238,7.54,0.43,0.35,2.44,0
157,7.33,0.59,0.34,2.45,0
195,7.48,0.37,0.23,2.56,0
63,7.53,0.65,0.23,3.43,0
238,7.51,0.58,0.38,7.05,0
163,7.43,0.59,0.51,4.63,0
232,7.47,0.63,0.6,8.02,0
132,7.71,0.61,0.79,6.32,0
207,7.64,0.44,0.53,5.5,0
195,7.62,0.62,0.48,9.06,0
138,7.53,0.53,0.35,7.51,0
251,7.41,0.51,0.29,4.56,0
207,7.57,0.62,0.62,8.04,0
307,7.41,0.42,0.47,5.26,1
264,7.67,0.63,0.51,9.26,0
201,7.63,0.43,0.38,7.51,0
257,7.62,0.51,0.57,8.02,0
144,7.71,0.71,0.36,5.03,0
251,7.53,0.54,0.47,9.22,0
182,7.51,0.61,0.24,2.84,0
289,7.18,0.64,0.23,2.44,1
75,7.61,0.51,0.25,3.33,0
220,7.67,0.62,0.23,2.87,0
282,7.71,0.48,0.24,2.48,1
195,7.65,0.54,0.34,2.43,0
176,7.67,0.58,0.27,3.56,0
182,7.72,0.56,0.27,2.68,0
226,7.68,0.62,0.27,2.48,0
257,7.7,0.64,0.34,3.44,0
276,7.71,0.48,0.24,2.54,1
270,7.65,0.44,0.24,3.63,1
295,7.76,0.39,0.25,2.74,1
232,7.62,0.54,0.36,2.82,0
245,7.77,0.52,0.27,2.43,0
251,7.65,0.6,0.28,3.74,0
213,7.63,0.65,0.39,3.74,0
339,7.6,0.55,0.28,3.85,1
351,7.4,0.44,0.29,2.46,1
264,7.5,0.46,0.27,2.47,0
358,7.3,0.53,0.24,2.58,1
370,7.1,0.67,0.23,2.63,1
333,7.8,0.68,0.23,3.73,1
282,7.2,0.52,0.24,3.77,1
257,7.5,0.29,0.26,2.84,1
301,7.6,0.6,0.24,2.43,1
333,7.2,0.31,0.24,2.94,1
195,7.1,0.52,0.34,2.94,0
314,7.4,0.31,0.26,2.85,1
351,7.5,0.43,0.28,2.48,1
339,7.3,0.36,0.27,2.58,1
264,7.4,0.65,0.27,2.47,1
169,7.6,0.34,0.26,5.26,0
333,7.5,0.68,0.38,2.51,1
370,7.3,0.59,0.51,8.05,1
326,7.1,0.57,0.24,4.21,1
251,7.4,0.42,0.22,9.02,1
301,7.3,0.31,0.37,10.52,1
270,7.2,0.3,0.48,7.45,1
320,7.1,0.34,0.25,6.32,1
282,7.5,0.65,0.39,2.05,1
301,7.6,0.33,0.45,8.12,1
295,7.2,0.68,0.26,6.02,1
339,7.4,0.66,0.33,7.45,1
201,7.5,0.6,0.28,4.12,0
320,7.6,0.59,0.27,6.33,1
289,7.3,0.37,0.45,5.02,1
251,7.2,0.24,0.29,9.32,0
276,7.4,0.42,0.33,1.54,1
370,7.5,0.61,0.26,2.63,1
207,7.6,0.57,0.35,8.55,0
295,7.8,0.55,0.24,6.33,1
351,7.9,0.43,0.27,4.02,1
282,7.3,0.48,0.49,3.25,1
307,8,0.56,0.32,8.05,1
364,7.4,0.53,0.25,1.96,1
257,7.9,0.51,0.29,3.02,1
251,7.3,0.59,0.33,4.51,1
326,7.6,0.64,0.45,6.33,1
270,7.8,0.3,0.28,7.02,1
339,7.3,0.35,0.56,3.05,1
207,8.1,0.32,0.25,2.08,0
351,7.4,0.36,0.33,3.79,1
282,7.2,0.68,0.26,2.6,1
151,7.3,0.75,0.27,6.52,0
295,7.4,0.21,0.32,3.21,1
270,7.5,0.45,0.28,4.21,0
238,7.6,0.57,0.51,2.15,0
264,7.8,0.38,0.26,3.51,1
370,7.9,0.61,0.33,7.21,1
289,7.8,0.46,0.27,3.02,1
251,7.8,0.39,0.48,2.77,0
320,8.3,0.65,0.52,5.66,1
333,7.4,0.37,0.26,3.14,1
282,7.8,0.45,0.39,6.02,1
264,7.6,0.49,0.51,4.22,0
257,7.5,0.41,0.28,4.05,0
276,7.6,0.48,0.47,3.39,1
364,7.8,0.43,0.25,4.22,1
358,7.9,0.59,0.32,2.58,1
351,7.3,0.51,0.29,5.33,1
370,7.4,0.65,0.33,4.21,1
314,7.9,0.69,0.45,2.63,1
201,7.23,0.33,0.26,4.05,0
213,7.16,0.3,0.38,6.21,0
169,7.03,0.36,0.6,7.22,0
201,7,0.42,0.48,6.05,0
270,7,0.36,0.32,3.54,0
238,6.96,0.44,0.28,5.63,0
176,9.97,0.35,0.74,4.36,0
245,7,0.36,0.59,3.05,0
201,7.16,0.4,0.32,4.63,0
207,7.02,0.32,0.48,5.74,0
257,7.01,0.33,0.62,5.63,0
220,7.05,0.38,0.43,8.52,0
295,7,0.41,0.24,3.55,1
213,7.05,0.37,0.51,3.02,0
201,7.07,0.26,0.38,4.15,0
345,7,0.67,0.5,6.52,1
188,7.14,0.6,0.46,7.54,0
207,7.17,0.66,0.32,6.32,0
320,7.08,0.39,0.33,8.05,0
220,7.12,0.3,0.46,3.59,0
213,7.1,0.32,0.59,5.55,0
264,7.19,0.65,0.38,8.06,0
195,7.15,0.64,0.26,3.47,0
182,7.31,0.52,0.7,9.55,0
201,7.14,0.59,0.63,4.85,0
232,7.16,0.62,0.4,3.86,0
169,7.17,0.82,0.49,7.54,0
238,7.21,0.59,0.53,4.25,0
201,7.23,0.62,0.61,6.85,0
69,7.21,0.57,0.38,7.05,0
213,7.24,0.48,0.42,8.85,0
207,7.24,0.53,0.5,4.68,0
213,7.21,0.57,0.37,9.32,0
314,7.19,0.32,0.61,7.86,1
138,7.21,0.89,0.59,4.51,0
195,7.24,0.57,0.4,3.78,0
201,7.3,0.49,0.39,8.05,0
151,7.26,0.55,0.6,6.55,0
201,7.2,0.67,0.43,7.41,0
82,7.18,0.45,0.28,3.89,0
207,7.27,0.45,0.36,4.58,0
201,7.22,0.64,0.55,7.08,0
132,7.21,0.44,0.6,6.32,0
264,7.27,0.78,0.41,4.58,0
301,7.22,0.69,0.66,7.05,1
195,7.26,0.7,0.38,6.58,0
238,7.25,0.6,0.28,4.85,0
138,7.31,0.31,0.51,7.05,0
213,7.07,0.43,0.39,3.86,0
201,7.03,0.37,0.47,4.15,0
163,7.14,0.31,0.56,9.52,0
88,7.07,0.28,0.33,7.55,0
50,7.06,0.39,0.28,2.36,0
220,7.07,0.28,0.51,8.25,0
169,7.17,0.34,0.39,1.25,0
207,7.12,0.32,0.25,9.02,0
144,7.1,0.31,0.37,4.15,0
251,7.12,0.32,0.47,3.22,0
195,7.15,0.41,0.28,7.55,0
201,7.12,0.4,0.32,6.35,0
88,7.12,0.35,0.58,8.52,0
201,7.11,0.38,0.24,4.02,0
257,7.14,0.33,0.39,9.63,0
176,7.15,0.32,0.22,1.58,0
201,7.15,0.36,0.58,7.25,0
88,7.14,0.29,0.42,6.32,0
232,7.21,0.29,0.32,4.15,0
320,7.22,0.4,0.27,8.33,1
201,7.23,0.36,0.51,7.12,0
69,7.2,0.52,0.28,4.11,0
220,7.23,0.29,0.33,6.32,0
138,7.28,0.27,0.39,2.52,0
232,7.3,0.31,0.25,1.36,0
301,7.29,0.43,0.47,7.05,1
195,7.3,0.36,0.26,1.52,0
326,7.35,0.38,0.35,4.55,1
213,7.35,0.36,0.28,6.32,0
169,7.29,0.33,0.36,5.21,0
182,7.18,0.31,0.42,3.26,0
94,7.32,0.32,0.51,7.51,0
295,7.35,0.34,0.38,4.02,1
320,7.46,0.7,0.22,9.32,1
201,7.37,0.39,0.29,1.05,0
213,7.49,0.78,0.36,5.26,0
207,7.39,0.45,0.37,8.33,0
94,7.42,0.41,0.54,4.21,0
295,7.41,0.35,0.48,2.05,1
195,7.44,0.3,0.26,3.22,0
364,7.45,0.49,0.35,7.12,1
201,7.51,0.51,0.48,6.32,0
220,7.53,0.62,0.22,1.52,0
207,7.54,0.42,0.37,8.02,0
201,7.49,0.67,0.48,4.22,0
295,7.61,0.41,0.51,3.58,1
195,7.53,0.53,0.29,8.06,0
276,7.92,0.61,0.33,4.56,1
207,8.02,0.6,0.55,3.54,0
295,8.05,0.6,0.28,8.78,1
264,7.81,0.58,0.42,6.23,1
320,7.86,0.61,0.39,6.14,1
289,7.65,0.72,0.33,5.2,1
314,7.23,0.67,0.21,4.59,1
345,7.7,0.65,0.25,2.15,1
238,7.77,0.6,0.47,3.56,1
320,7.7,0.58,0.51,4.67,1
307,7.62,0.55,0.63,5.47,1
326,7.57,0.61,0.29,2.69,1
314,7.64,0.58,0.32,4.28,1
245,7.71,0.59,0.28,5.31,1
289,7.59,0.64,0.51,1.92,1
339,7.58,0.61,0.46,2.56,1
333,7.66,0.65,0.38,3.68,1
176,7.82,0.63,0.55,4.69,0
358,7.59,0.69,0.3,3.55,1
345,7.68,0.61,0.28,6.98,1
132,7.62,0.63,0.51,8.59,0
333,7.64,0.59,0.37,7.15,1
245,7.56,0.59,0.62,5.58,0
345,7.58,0.58,0.32,3.87,1
188,7.57,0.59,0.51,4.25,0
276,7.58,0.66,0.66,9.17,1
264,7.53,0.59,0.37,6.54,1
295,7.46,0.7,0.25,5.38,1
238,7.56,0.61,0.31,4.26,0
289,7.48,0.6,0.26,3.39,1
188,7.51,0.55,0.41,8.47,0
276,7.57,0.58,0.55,2.53,1
326,7.51,0.72,0.37,5.95,1
307,7.45,0.78,0.48,4.6,1
207,7.62,0.62,0.25,7.56,0
257,7.66,0.61,0.36,3.95,0
358,7.78,0.58,0.58,5.68,1
25,7.72,0.55,0.61,4.55,0
176,7.55,0.42,0.47,7.23,0
345,7.51,0.38,0.24,5.91,1
126,7.52,0.72,0.39,4.21,0
264,7.68,0.66,0.6,6.52,0
245,7.61,0.63,0.52,5.27,1
320,7.62,0.71,0.47,8.26,1
339,7.78,0.73,0.33,9.32,1
333,7.72,0.82,0.32,7.34,1
264,7.68,0.62,0.29,10.25,1
320,7.62,0.68,0.26,7.54,2
289,7.51,0.71,0.37,6.32,1
276,7.48,0.7,0.54,7.21,1
295,7.39,0.68,0.28,4.02,1
333,7.45,0.55,0.55,8.32,2
351,7.58,0.38,0.37,4.55,2
320,7.68,0.42,0.48,6.32,2
339,7.73,0.65,0.22,4.21,2
245,8,0.62,0.26,9.05,0
282,7.4,0.51,0.59,3.22,1
264,7.8,0.54,0.45,8.22,1
320,7.6,0.55,0.51,6.03,1
314,7.5,0.49,0.33,4.21,1
282,7.8,0.61,0.26,7.12,1
169,7.9,0.58,0.47,10.55,0
245,7.4,0.43,0.51,4.02,1
257,7.5,0.52,0.23,6.32,1
264,7.6,0.64,0.28,8.22,1
333,7.4,0.61,0.51,4.49,1
320,7.3,0.44,0.36,5.32,1
307,7.2,0.65,0.25,9.26,1
276,7.1,0.58,0.31,7.42,1
270,7.4,0.49,0.51,3.64,1
282,7.8,0.43,0.27,5.19,1
301,7.9,0.47,0.38,6.38,1
295,7.3,0.44,0.54,4.62,1
307,7.2,0.53,0.27,2.88,1
264,7.87,0.66,0.37,4.1,1
301,0.9,0.52,0.43,6.33,1
270,7.57,0.32,0.52,4.58,1
314,0.9,0.56,0.51,1.78,1
345,7.8,0.31,0.57,2.91,1
307,7.6,0.68,0.36,7.82,1
333,8,0.35,0.58,2.55,1
358,8.3,0.33,0.34,9.17,1
257,7.3,0.37,0.29,4.42,1
295,7.85,0.83,0.33,8.61,1
276,8.4,0.45,0.58,3.32,1
301,8.95,0.39,0.67,5.91,1
282,9.5,0.42,0.6,5.7,1
295,10.05,0.73,0.52,3.31,1
326,10.6,0.88,0.43,6.52,1
358,11.15,0.51,0.28,4.13,2
264,7.49,0.74,0.66,9.31,1
333,8.26,0.48,0.51,3.32,2
320,7.38,0.65,0.39,6.67,2
282,7.8,0.44,0.45,5.51,1
326,7.9,0.4,0.36,6.4,1
295,7.6,0.56,0.85,5.72,1
276,7.4,0.33,0.52,6.67,1
182,7.5,0.68,0.33,3.33,0
289,7.1,0.51,0.4,9.67,1
257,7.9,0.45,0.48,6.51,1
364,7.5,0.42,0.63,4.42,1
201,7.6,0.37,0.42,6.52,0
333,7.3,0.69,0.52,3.39,1
320,7.9,0.5,0.38,8.24,1
251,7.5,0.63,0.42,1.78,0
339,8,0.65,0.32,6.25,1
326,7.3,0.21,0.52,4.12,1
289,8.1,0.37,0.38,6.58,1
314,7.4,0.69,0.24,2.51,1
345,7.8,0.51,0.39,7.5,1
270,7.1,0.42,0.5,3.02,1
195,7.9,0.56,0.39,4.51,0
364,8.4,0.54,0.45,1.02,1
314,8.1,0.78,0.22,2.25,1
358,8.2,0.5,0.37,3.15,1
257,8,0.31,0.45,6.21,0
245,7.9,0.56,0.61,7.45,0
276,7.3,0.62,0.28,5.32,1
326,7.4,0.55,0.32,6.03,1
282,7.5,0.58,0.28,2.15,1
270,7,0.4,0.51,2.14,1
295,7.9,0.53,0.46,3.21,1
289,7.5,0.67,0.39,5.21,1
314,7.6,0.52,0.52,2.15,1
245,7.8,0.59,0.3,1.05,0
257,7.9,0.64,0.29,2.06,0
301,8.1,0.67,0.32,3.32,1
351,7.4,0.45,0.47,1.58,1
276,7.5,0.69,0.56,2.69,1
264,7.6,0.33,0.28,3.21,0
358,7.8,0.54,0.31,3.57,1
220,7.9,0.62,0.22,2.6,0
270,7.1,0.2,0.35,7.32,1
245,7.8,0.54,0.39,6.21,0
251,7.5,0.68,0.28,4.51,0
301,7.6,0.36,0.54,5.32,1
270,7.4,0.46,0.33,6.02,1
257,7.9,0.61,0.38,4.96,0
264,7.2,0.33,0.49,3.51,1
276,7.5,0.35,0.52,6.32,1
270,7.52,0.41,0.66,4.21,1
213,7.63,0.51,0.39,3.2,0
157,7.71,0.73,0.54,1.6,0
207,7.72,0.72,0.26,3.25,0
151,7.53,0.43,0.37,4.15,0
201,7.82,0.43,0.55,6.32,0
220,7.52,0.84,0.42,2.85,0
207,7.44,0.41,0.6,3.02,0
151,7.42,0.62,0.28,4.15,0
163,7.34,0.44,0.33,9.62,0
276,7.52,0.52,0.38,4.15,1
270,7.29,0.63,0.45,7.62,1
69,7.42,0.53,0.41,3.52,0
307,7.25,0.82,0.27,6.25,1
31,7.72,0.62,0.33,4.05,0
320,7.61,0.42,0.28,8.35,1
314,7.35,0.42,0.56,3.14,1
270,7.77,0.34,0.35,6.52,1
276,7.65,0.53,0.29,4.12,1
270,8.02,0.64,0.36,8.06,1
69,7.72,0.56,0.24,3.45,0
276,7.71,0.71,0.35,2.21,1
270,7.51,0.53,0.28,1.59,1
301,7.7,0.53,0.57,6.32,1
270,7.51,0.7,0.49,4.02,1
276,7.44,0.54,0.26,1.87,1
107,7.53,0.58,0.35,6.25,0
75,7.5,0.46,0.28,3.05,0
207,7.41,0.57,0.51,4.2,1
100,7.51,0.45,0.26,3.54,0
207,7.29,0.52,0.37,6.02,1
144,7.41,0.61,0.44,7.51,0
213,7.34,0.82,0.51,3.21,1
201,7.33,0.56,0.28,6.54,1
151,8.12,0.46,0.36,7.02,0
144,7.43,0.53,0.29,5.12,0
282,7.62,0.63,0.37,6.32,1
207,7.42,0.42,0.48,4.15,1
220,7.03,0.53,0.22,9.03,0
276,7.91,0.52,0.26,2.15,1
282,7.02,0.81,0.37,6.32,1
264,7.44,0.53,0.48,1.25,1
195,7.58,0.76,0.56,7.02,0
188,7.32,0.49,0.52,3.25,0
226,7.43,0.71,0.48,5.22,0
213,7.8,0.49,0.37,8.33,0
201,7.01,0.47,0.54,1.56,0
207,7.51,0.62,0.28,6.32,0
220,7.02,0.65,0.16,0.76,0
276,7.04,0.74,0.16,0.76,1
226,7.05,0.48,0.31,0.44,0
207,7.01,0.38,0.39,0.39,1
270,7.05,0.62,0.44,1.11,1
295,7.08,0.73,0.44,0.42,1
238,7.06,0.36,0.31,0.34,0
207,7.1,0.64,0.38,0.27,0
182,7.4,0.6,0.42,1.24,0
232,7.5,0.37,0.5,0.21,0
289,7.35,0.63,0.4,0.31,1
195,7.34,0.51,0.36,0.51,0
207,7.29,0.82,0.41,1.09,0
238,7.28,0.58,0.23,0.65,0
201,7.25,0.47,0.41,0.61,0
345,7.37,0.49,0.37,1.71,1
238,7.41,0.66,0.4,1.32,0
201,7.28,0.88,0.34,1.31,0
232,7.45,0.39,0.42,3.11,0
314,7.41,0.42,0.35,1.02,1
245,7.58,0.81,0.31,1.22,0
351,7.8,0.56,0.42,1.12,1
264,7.4,0.33,0.42,0.81,1
364,7.9,0.57,0.34,0.53,1
377,7.5,0.62,0.28,0.96,1
282,7.6,0.58,0.3,0.34,1
276,7.5,0.36,0.42,0.79,1
320,7.4,0.34,42,44,1
276,7.9,0.61,0.4,0.41,1
370,8.1,0.52,0.24,0.52,2
207,7.5,0.59,0.42,0.62,0
169,8.3,0.44,0.37,0.24,0
345,8,0.56,0.4,0.22,1
333,7.6,0.51,0.4,0.81,1
188,7.9,0.6,0.41,0.62,0
364,7.5,0.55,38,34,1
326,7.4,0.53,0.37,0.98,1
351,7.3,0.3,0.34,0.3,1
377,7.2,0.58,0.09,0.9,1
307,7.4,0.63,0.38,0.58,1
295,7.9,0.51,0.13,1.06,1
213,7.5,0.47,0.22,1.29,0
226,7.8,0.32,0.42,0.21,0
301,7.9,0.59,0.35,0.31,2
314,7.4,0.55,0.2,0.73,2
270,7.8,0.37,0.34,1.13,2
295,7.3,0.54,0.13,4.82,1
245,7,0.69,0.19,1.47,1
282,7.9,0.51,0.41,1.29,1
264,7.2,0.36,0.19,1.02,1
339,7.5,0.73,0.43,0.6,1
289,7.6,0.58,0.46,1.09,1
320,7.5,0.52,0.11,1.14,2
345,7.1,0.7,0.34,0.83,2
333,7.4,0.66,0.28,1.87,1
301,7.5,0.54,0.25,1.57,1
314,7.9,0.58,0.4,0.68,1
326,8.2,0.5,0.22,2.18,1
358,8.1,0.45,0.22,1.61,1
320,8,0.52,0.34,0.49,1
370,8.1,0.57,0.26,1.85,2
339,8,0.61,0.07,1.5,1
226,7.2,0.59,0.36,1.7,1
326,8.1,0.76,0.23,1.22,1
232,8.1,0.54,0.31,0.63,1
220,8.3,0.73,0.35,0.53,0
301,8,0.75,0.19,1.24,1
351,7.4,0.61,0.44,1.13,1
282,7.5,0.63,0.09,1.03,1
364,7.9,0.53,0.7,1.21,1
339,8.3,0.67,0.28,1.36,2
383,8.1,0.6,0.4,0.67,2
370,7.5,0.56,0.37,0.74,1
295,8,0.32,0.34,0.77,1
270,8.3,0.69,0.31,0.81,1
377,8.1,0.55,0.37,1.11,1
220,8,0.38,0.4,0.72,0
207,7.4,0.32,0.34,0.78,0
264,7.9,0.49,0.36,0.83,1
220,7.5,0.54,0.32,0.77,0
213,7.8,0.1,0.34,1.22,1
370,7.3,0.38,0.36,0.77,1
383,7.8,0.41,0.37,0.66,2
351,7.9,0.45,0.38,0.74,1
377,7.8,0.64,0.37,0.88,2
364,7.3,0.33,0.34,0.88,2
333,7.4,0.57,0.34,1.29,1
301,7.5,0.3,0.4,1.13,1
201,7.6,0.68,0.42,0.81,0
358,7.3,0.62,0.44,0.67,2
345,7.1,0.56,0.33,0.47,1
370,7.3,0.34,0.36,1.33,1
257,7.1,0.75,0.4,0.97,0
339,7.5,0.31,0.44,0.44,1
377,7.8,0.55,0.42,0.69,1
351,7.9,0.43,0.37,1.28,1
339,7.5,0.79,0.13,1.45,1
201,7.8,0.46,0.09,1.44,1
345,7.9,0.82,0.09,1.44,1
333,7.3,0.3,0.27,1.87,1
351,7.5,0.37,0.21,0.71,1
295,8.2,0.38,0.36,2.25,1
282,8,0.62,0.47,7.15,1
257,7.4,0.73,0.25,3.26,1
270,7.9,0.36,0.21,9.05,1
289,7.3,0.64,0.34,4.55,1
301,7.8,0.6,0.51,6.28,1
295,7.2,0.37,0.27,1.05,1
276,7.3,0.63,0.33,6.25,1
326,7.9,0.51,0.28,8.25,1
270,7.5,0.82,0.45,1.32,1
289,8.1,0.58,0.37,4.51,1
314,8,0.47,0.25,3.25,1
345,7.9,0.49,0.59,7.54,1
307,7.3,0.66,0.51,6.05,1
339,7.2,0.88,0.34,8.21,1
314,7.9,0.39,0.28,3.25,1
333,7.4,0.42,0.34,1.96,1
351,7.6,0.37,0.28,1.05,1
358,7.8,0.32,0.33,2.51,1
301,7.3,0.77,0.52,7.15,1
326,7.4,0.4,0.48,3.25,1
314,7.8,0.61,0.29,9.02,1
320,7.94,0.69,0.41,4.15,1
358,7.02,0.48,0.39,3.22,1
345,7.85,0.38,0.35,6.21,1
314,7.04,0.43,0.42,4.15,1
333,7.62,0.51,0.51,2.11,1
339,7.67,0.32,0.33,8.02,1
326,7.88,0.71,0.28,3.02,1
351,7.96,0.51,0.22,4.51,1
301,7.05,0.95,0.34,6.25,1
251,7.87,0.4,0.29,1.25,1
326,7.01,0.42,0.43,7.15,1
289,7.03,0.5,0.51,3.02,1
276,7.91,0.46,0.33,4.15,1
245,7.02,0.51,0.28,3.25,1
345,7.44,0.29,0.24,8.06,1
320,7.58,0.44,0.39,6.21,1
270,7.32,0.68,0.45,1.05,1
333,7.43,0.61,0.37,1.26,2
358,7.8,0.29,0.26,5.26,2
245,7.01,0.64,0.35,1.25,1
314,7.51,0.56,0.42,3.02,1
307,7.34,0.85,0.53,7.54,1
326,7.37,0.87,0.47,6.33,1
320,7.41,0.42,0.25,1.52,1
345,7.43,0.42,0.36,4.52,1
307,7.52,0.93,0.54,9.62,1
295,7.35,0.52,0.48,8.05,1
276,7.47,0.51,0.26,10.22,1
301,8.19,0.57,0.35,6.32,1
282,7.38,0.82,0.29,4.51,1
295,7.35,0.7,0.22,7.54,1
326,8.02,0.75,0.57,2.02,1
358,7.42,0.85,0.46,1.89,1
314,7.23,0.28,0.35,3.22,1
301,8.1,0.38,0.26,7.54,1
220,7.29,0.84,0.39,4.15,1
276,7.35,0.85,0.22,3.02,1
282,7.34,0.59,0.41,8.05,1
264,7.9,0.63,0.33,3.22,1
195,7.49,0.42,0.53,7.12,0
188,7.34,0.43,0.34,6.33,0
226,7.37,0.62,0.57,9.21,1
213,7.41,0.38,0.49,6.3,1
201,7.43,0.53,0.55,8.21,1
207,7.52,0.69,0.38,4.56,1
220,7.35,0.67,0.42,7.02,1
276,7.47,0.41,0.28,3.85,1
226,8.19,0.63,0.49,8.05,1
207,7.38,0.34,0.52,6.96,1
270,7.35,0.39,0.45,7.41,1
295,8.02,0.42,0.33,8.02,1
238,7.42,0.72,0.5,4.58,1
207,7.23,0.49,0.41,9.63,1
182,8.1,0.68,0.39,4.21,0
232,7.29,0.75,0.48,7.53,1
289,7.35,0.43,0.52,6.3,1
195,7.34,0.56,0.41,7.04,2
207,7.29,0.58,0.27,8.62,1
238,7.28,0.44,0.37,4.51,1
201,7.25,0.43,0.54,8.35,1
345,7.37,0.62,0.48,7.05,2
238,7.41,0.46,0.52,6.51,1
201,7.28,0.43,0.32,9.53,1
232,7.45,0.44,0.24,4.51,1
314,7.41,0.8,0.51,7.63,2
195,7.33,0.74,0.38,3.52,0
226,7.29,0.72,0.5,8.05,1
238,7.43,0.59,0.46,9.26,1
182,7.55,0.48,0.32,4.15,0
182,7.38,0.83,0.44,7.52,0
213,7.37,0.45,0.44,7.52,1
226,7.34,0.39,0.46,3.5,1
213,7.41,0.42,0.59,6.53,1
333,7.43,0.73,0.59,6.53,1
238,7.41,0.88,0.38,7.05,0
201,7.4,0.51,0.26,4.35,0
195,7.52,0.49,0.38,8.36,0
270,7.55,0.53,0.63,7.02,1
195,7.47,0.53,0.4,4.96,0
213,7.29,0.52,0.49,8.51,0
201,7.48,0.81,0.53,5.6,0
232,7.35,0.53,0.42,9.05,0
226,7.44,0.76,0.5,6.35,0
257,7.47,0.49,0.37,7.41,0
245,7.42,0.71,0.61,8.05,0
245,7.65,0.49,0.59,4.05,0
264,7.24,0.47,0.29,9.35,1
276,7.62,0.62,0.29,9.35,1
320,7.38,0.65,0.38,5.41,2
264,7.49,0.74,0.51,5.8,0
333,8.26,0.48,0.6,7.62,2
295,8.4,0.38,0.39,6.23,1
282,7.95,0.62,0.44,4.12,1
257,7.58,0.73,0.29,3.25,0
270,7.47,0.36,0.37,5.21,1
289,7.18,0.64,0.41,7.15,1
301,7.2,0.6,0.59,3.52,1
295,7.12,0.37,0.36,8.02,1
276,7.01,0.63,0.51,9.06,1
326,7.13,0.51,0.29,4.85,2
270,7,0.82,0.48,3.06,1
289,7.01,0.58,0.63,8.35,1
314,7,0.47,0.44,4.6,1
345,7,0.49,0.5,6.32,1
307,7.02,0.66,0.68,4.88,1
339,7,0.88,0.54,7.15,1
314,7.03,0.39,0.39,6.23,1
333,7.1,0.42,0.75,4.96,2
351,7.82,0.37,0.36,5.51,2
358,7.01,0.32,0.42,9.23,1
301,7,0.77,0.66,4.53,1
326,7.33,0.4,0.51,9.03,2
314,7.41,0.61,0.27,4.59,1
320,7.94,0.69,0.48,7.63,1
358,7.02,0.48,0.29,3.56,2
345,7.85,0.38,0.35,8.54,2
314,7.04,0.43,0.17,6.11,2
333,7.62,0.51,0.26,3.05,2
339,7.67,0.32,0.33,7.96,1
326,7.88,0.71,0.21,8.63,1
351,7.96,0.51,0.36,4.69,1
264,7.24,0.47,0.35,8.26,1
276,7.62,0.62,0.42,3.57,1
320,7.38,0.65,0.58,4.58,2
264,7.49,0.74,0.45,7.36,0